{
  "name": "shower-core",
  "version": "1.0.7",
  "license": "MIT",
  "main": "shower.min.js",
  "ignore": [
    "*",
    "!License.md",
    "!Readme.md",
    "!shower.min.js",
    "!bower.json"
  ],
  "keywords": [
    "shower",
    "presentation",
    "core"
  ],
  "homepage": "https://github.com/shower/core",
  "_release": "1.0.7",
  "_resolution": {
    "type": "version",
    "tag": "v1.0.7",
    "commit": "22e8c402ce5b83505eb3b3ce5d620985441d3317"
  },
  "_source": "git://github.com/shower/core.git",
  "_target": "~1.0.7",
  "_originalSource": "shower-core"
}