{
  "name": "shower-ribbon",
  "version": "1.0.11",
  "license": "MIT",
  "main": "styles/screen.css",
  "ignore": [
    "*",
    "!fonts/**",
    "!images/**",
    "!pictures/**",
    "!styles/screen.css",
    "!index.html",
    "!License.md",
    "!Readme.md",
    "!bower.json"
  ],
  "keywords": [
    "shower",
    "presentation",
    "ribbon",
    "theme"
  ],
  "homepage": "https://github.com/shower/ribbon",
  "_release": "1.0.11",
  "_resolution": {
    "type": "version",
    "tag": "v1.0.11",
    "commit": "0d7206852ed46e738b1d795e597b3dd838bea9af"
  },
  "_source": "git://github.com/shower/ribbon.git",
  "_target": "~1.0.11",
  "_originalSource": "shower-ribbon"
}